<?xml version="1.0" encoding="utf-8" ?>
<dwsync>
<file name="Beneficiario.php" server="P:/" local="131478035013254824" remote="131478035010000000" Dst="2" />
<file name="AppModel.php" server="P:/" local="131402241220000000" remote="131402241220000000" Dst="1" />
<file name="Servicio.php" server="P:/" local="131460667284336166" remote="131460667280000000" Dst="1" />
<file name="Vivienda.php" server="P:/" local="131462425169373567" remote="131462425160000000" Dst="1" />
<file name="Mantencione.php" server="P:/" local="131466742774889640" remote="131466706770000000" Dst="2" />
<file name="User.php" server="P:/" local="131468694157594857" remote="131468694150000000" Dst="1" />
<file name="Bsv.php" server="P:/" local="131474701127104385" remote="131474701120000000" Dst="2" />
<file name="Arriendos_historial.php" server="P:/" local="131475357270579484" remote="131475357270000000" Dst="2" />
<file name="Destino.php" server="P:/" local="131475409084025510" remote="131475409080000000" Dst="2" />
</dwsync>