<?xml version="1.0" encoding="utf-8" ?>
<dwsync>
<file name="AppController.php" server="P:/" local="131475505300187709" remote="131475505300000000" Dst="2" />
<file name="BeneficiariosController.php" server="P:/" local="131478036724145896" remote="131478036720000000" Dst="2" />
<file name="ServiciosController.php" server="P:/" local="131468698236502707" remote="131468662230000000" Dst="2" />
<file name="ViviendasController.php" server="P:/" local="131478835953551503" remote="131478835950000000" Dst="2" />
<file name="MantencionesController.php" server="P:/" local="131473760771026230" remote="131473760770000000" Dst="2" />
<file name="UsersController.php" server="P:/" local="131468731613174876" remote="131468731610000000" Dst="1" />
<file name="PagesController.php" server="P:/" local="131402241220000000" remote="131402241220000000" Dst="1" />
<file name="BsvsController.php" server="P:/" local="131478906416765474" remote="131478906410000000" Dst="2" />
</dwsync>