<?xml version="1.0" encoding="utf-8" ?>
<dwsync>
<file name="FormAuthenticate.php" server="P:/" local="131468563737934195" remote="131468563730000000" Dst="1" />
<file name="AbstractPasswordHasher.php" server="P:/" local="131402241220000000" remote="131402241220000000" Dst="1" />
<file name="ActionsAuthorize.php" server="P:/" local="131402241220000000" remote="131402241220000000" Dst="1" />
<file name="BaseAuthenticate.php" server="P:/" local="131468746126888635" remote="131468746120000000" Dst="1" />
<file name="BlowfishPasswordHasher.php" server="P:/" local="131402241220000000" remote="131402241220000000" Dst="1" />
<file name="CrudAuthorize.php" server="P:/" local="131402241220000000" remote="131402241220000000" Dst="1" />
<file name="BaseAuthorize.php" server="P:/" local="131402241220000000" remote="131402241220000000" Dst="1" />
<file name="ControllerAuthorize.php" server="P:/" local="131402241220000000" remote="131402241220000000" Dst="1" />
</dwsync>